date,equity
2015-01-01,999931.34
2015-01-02,1000660.77
2015-01-05,996373.65
2015-01-06,995812.65
2015-01-07,998169.89
2015-01-08,1001916.51
2015-01-09,999348.99
2015-01-12,1001183.42
2015-01-13,1002682.02
2015-01-14,1003208.91
2015-01-15,1004454.25
2015-01-16,1009688.72
2015-01-19,1009276.23
2015-01-20,1009625.6
2015-01-21,1010133.2
2015-01-22,1013218.53
2015-01-23,1015087.98
2015-01-26,1018724.21
2015-01-27,1016269.99
2015-01-28,1014968.44
2015-01-29,1018360.6
2015-01-30,1016084.94
2015-02-02,1018943.99
2015-02-03,1022277.44
2015-02-04,1017633.5
2015-02-05,1025593.93
2015-02-06,1020117.86
2015-02-09,1015565.5
2015-02-10,1022775.64
2015-02-11,1022401.78
2015-02-12,1029644.24
2015-02-13,1035039.85
2015-02-16,1029381.45
2015-02-17,1032324.76
2015-02-18,1034829.59
2015-02-19,1036487.06
2015-02-20,1042593.26
2015-02-23,1041564.61
2015-02-24,1046374.35
2015-02-25,1044794.23
2015-02-26,1050864.29
2015-02-27,1050398.86
2015-03-02,1054065.75
2015-03-03,1047771.01
2015-03-04,1047630.54
2015-03-05,1052303.43
2015-03-06,1046370.21
2015-03-09,1047888.17
2015-03-10,1034479.71
2015-03-11,1040120.99
2015-03-12,1048432.21
2015-03-13,1048607.04
2015-03-16,1057543.22
2015-03-17,1057769.16
2015-03-18,1063621.68
2015-03-19,1062878.66
2015-03-20,1069834.44
2015-03-23,1067788.06
2015-03-24,1067995.8
2015-03-25,1056972.94
2015-03-26,1052860.91
2015-03-27,1052191.38
2015-03-30,1062523.16
2015-03-31,1049752.35
2015-04-01,1050952.01
2015-04-02,1053218.11
2015-04-03,1051455.32
2015-04-06,1057370.75
2015-04-07,1062274.08
2015-04-08,1065997.56
2015-04-09,1072993.15
2015-04-10,1078815.57
2015-04-13,1073346.55
2015-04-14,1073835.05
2015-04-15,1076123.74
2015-04-16,1071430.28
2015-04-17,1057437.16
2015-04-20,1066681.52
2015-04-21,1072087.79
2015-04-22,1074806.46
2015-04-23,1073864.17
2015-04-24,1075884.48
2015-04-27,1077874.2
2015-04-28,1074241.76
2015-04-29,1064062.99
2015-04-30,1052539.88
2015-05-01,1064326.5
2015-05-04,1067610.4
2015-05-05,1051997.57
2015-05-06,1049183.93
2015-05-07,1051182.28
2015-05-08,1067310.53
2015-05-11,1062928.83
2015-05-12,1056829.2
2015-05-13,1056075.81
2015-05-14,1065430.54
2015-05-15,1065155.07
2015-05-18,1070511.19
2015-05-19,1074964.05
2015-05-20,1077041.75
2015-05-21,1078854.81
2015-05-22,1079136.55
2015-05-25,1078775.4
2015-05-26,1070857.35
2015-05-27,1081202.8
2015-05-28,1078842.8
2015-05-29,1070118.19
2015-06-01,1072503.59
2015-06-02,1066737.65
2015-06-03,1070752.89
2015-06-04,1061841.56
2015-06-05,1060595.81
2015-06-08,1051541.69
2015-06-09,1047260.5
2015-06-10,1059628.37
2015-06-11,1063774.33
2015-06-12,1056870.48
2015-06-15,1051109.72
2015-06-16,1053287.78
2015-06-17,1049614.46
2015-06-18,1057590.57
2015-06-19,1053640.55
2015-06-22,1068934.63
2015-06-23,1075303.27
2015-06-24,1069150.58
2015-06-25,1067578.13
2015-06-26,1067518.81
2015-06-29,1039790.5
2015-06-30,1041579.7
2015-07-01,1050924.17
2015-07-02,1049753.74
2015-07-03,1048713.4
2015-07-06,1042829.24
2015-07-07,1046160.29
2015-07-08,1027454.11
2015-07-09,1035029.74
2015-07-10,1050595.5
2015-07-13,1059351.2
2015-07-14,1063072.22
2015-07-15,1063426.45
2015-07-16,1071573.62
2015-07-17,1073924.79
2015-07-20,1076342.77
2015-07-21,1072468.31
2015-07-22,1068421.74
2015-07-23,1064719.98
2015-07-24,1057176.75
2015-07-27,1048962.96
2015-07-28,1057056.25
2015-07-29,1060579.47
2015-07-30,1062359.49
2015-07-31,1062644.68
2015-08-03,1062852.07
2015-08-04,1063291.72
2015-08-05,1069009.88
2015-08-06,1063121.6
2015-08-07,1061567.04
2015-08-10,1069497.19
2015-08-11,1058497.77
2015-08-12,1052976.09
2015-08-13,1054030.51
2015-08-14,1055132.76
2015-08-17,1057243.47
2015-08-18,1052955.85
2015-08-19,1043889.88
2015-08-20,1025066.59
2015-08-21,1001145.24
2015-08-24,972185.72
2015-08-25,971484.5
2015-08-26,1001695.23
2015-08-27,1014655.36
2015-08-28,1014814.95
2015-08-31,1007268.95
2015-09-01,981910.87
2015-09-02,981910.87
2015-09-03,981910.87
2015-09-04,981910.87
2015-09-07,981910.87
2015-09-08,981910.87
2015-09-09,981910.87
2015-09-10,981910.87
2015-09-11,981910.87
2015-09-14,981910.87
2015-09-15,981910.87
2015-09-16,981910.87
2015-09-17,981910.87
2015-09-18,981910.87
2015-09-21,981910.87
2015-09-22,981910.87
2015-09-23,981910.87
2015-09-24,981910.87
2015-09-25,981910.87
2015-09-28,981910.87
2015-09-29,981910.87
2015-09-30,981910.87
2015-10-01,981910.87
2015-10-02,981910.87
2015-10-05,981910.87
2015-10-06,981910.87
2015-10-07,981910.87
2015-10-08,981910.87
2015-10-09,981910.87
2015-10-12,981910.87
2015-10-13,981910.87
2015-10-14,981910.87
2015-10-15,981910.87
2015-10-16,981910.87
2015-10-19,981910.87
2015-10-20,981910.87
2015-10-21,981910.87
2015-10-22,981910.87
2015-10-23,981910.87
2015-10-26,981910.87
2015-10-27,981910.87
2015-10-28,981910.87
2015-10-29,981910.87
2015-10-30,981910.87
2015-11-02,981830.03
2015-11-03,984740.38
2015-11-04,981908.32
2015-11-05,982268.5
2015-11-06,986896.71
2015-11-09,980397.82
2015-11-10,982785.5
2015-11-11,982057.71
2015-11-12,973822.23
2015-11-13,967776.16
2015-11-16,977082.85
2015-11-17,979106.04
2015-11-18,988077.96
2015-11-19,987369.22
2015-11-20,990505.09
2015-11-23,988602.73
2015-11-24,987875.49
2015-11-25,990658.38
2015-11-26,995331.96
2015-11-27,992766.58
2015-11-30,991513.51
2015-12-01,996012.51
2015-12-02,989152.82
2015-12-03,974929.99
2015-12-04,986571.01
2015-12-07,985672.45
2015-12-08,978026.67
2015-12-09,968241.3
2015-12-10,971065.42
2015-12-11,956546.03
2015-12-14,960025.07
2015-12-15,965514.97
2015-12-16,976937.58
2015-12-17,972888.29
2015-12-18,959733.37
2015-12-21,963822.21
2015-12-22,966906.97
2015-12-23,974830.82
2015-12-24,972065.97
2015-12-28,970975.38
2015-12-29,979889.33
2015-12-30,973329.1
2015-12-31,971283.0
2016-01-04,952971.0
2016-01-05,952526.4
2016-01-06,951190.39
2016-01-07,946155.64
2016-01-08,944806.26
2016-01-11,945407.17
2016-01-12,947213.44
2016-01-13,941715.96
2016-01-14,945030.06
2016-01-15,940185.33
2016-01-18,940271.57
2016-01-19,940522.45
2016-01-20,940111.85
2016-01-21,940172.69
2016-01-22,944754.91
2016-01-25,942461.1
2016-01-26,943873.84
2016-01-27,939869.42
2016-01-28,942068.35
2016-01-29,945416.05
2016-02-01,945747.82
2016-02-02,945747.82
2016-02-03,945747.82
2016-02-04,945747.82
2016-02-05,945747.82
2016-02-08,945747.82
2016-02-09,945747.82
2016-02-10,945747.82
2016-02-11,945747.82
2016-02-12,945747.82
2016-02-15,945747.82
2016-02-16,945747.82
2016-02-17,945747.82
2016-02-18,945747.82
2016-02-19,945747.82
2016-02-22,945747.82
2016-02-23,945747.82
2016-02-24,945747.82
2016-02-25,945747.82
2016-02-26,945747.82
2016-02-29,945747.82
2016-03-01,945732.27
2016-03-02,946859.24
2016-03-03,949268.7
2016-03-04,949182.07
2016-03-07,950265.53
2016-03-08,949680.28
2016-03-09,948476.28
2016-03-10,950688.08
2016-03-11,948154.2
2016-03-14,946314.57
2016-03-15,945893.58
2016-03-16,949209.72
2016-03-17,949237.17
2016-03-18,948753.45
2016-03-21,947296.68
2016-03-22,947902.69
2016-03-23,944566.07
2016-03-24,943925.24
2016-03-28,944639.86
2016-03-29,946764.57
2016-03-30,945201.55
2016-03-31,945828.31
2016-04-01,944571.11
2016-04-04,942432.51
2016-04-05,941482.56
2016-04-06,944929.84
2016-04-07,942504.8
2016-04-08,943008.22
2016-04-11,944210.4
2016-04-12,946598.7
2016-04-13,948561.74
2016-04-14,947053.02
2016-04-15,946981.49
2016-04-18,948474.76
2016-04-19,950662.46
2016-04-20,950298.17
2016-04-21,950010.88
2016-04-22,945464.84
2016-04-25,945898.14
2016-04-26,946038.59
2016-04-27,945386.23
2016-04-28,944558.15
2016-04-29,946248.17
2016-05-02,948534.9
2016-05-03,946857.57
2016-05-04,945401.83
2016-05-05,944740.58
2016-05-06,946526.83
2016-05-09,943643.83
2016-05-10,945814.72
2016-05-11,945856.15
2016-05-12,944591.84
2016-05-13,943950.48
2016-05-16,945739.56
2016-05-17,944818.25
2016-05-18,942419.96
2016-05-19,941390.79
2016-05-20,941848.9
2016-05-23,941327.96
2016-05-24,940265.82
2016-05-25,941265.56
2016-05-26,940923.24
2016-05-27,940413.98
2016-05-30,940363.29
2016-05-31,940605.54
2016-06-01,940434.8
2016-06-02,940534.16
2016-06-03,944080.04
2016-06-06,945597.86
2016-06-07,945313.91
2016-06-08,948650.64
2016-06-09,948297.08
2016-06-10,945980.78
2016-06-13,944507.39
2016-06-14,944372.01
2016-06-15,944883.73
2016-06-16,944316.98
2016-06-17,943914.61
2016-06-20,944668.29
2016-06-21,943173.56
2016-06-22,941806.01
2016-06-23,946686.51
2016-06-24,940590.04
2016-06-27,935762.29
2016-06-28,940612.65
2016-06-29,946303.51
2016-06-30,951126.93
2016-07-01,954488.49
2016-07-04,955085.6
2016-07-05,953901.88
2016-07-06,956200.46
2016-07-07,955789.35
2016-07-08,962722.78
2016-07-11,964600.78
2016-07-12,964184.33
2016-07-13,965600.98
2016-07-14,965841.88
2016-07-15,965671.15
2016-07-18,966841.48
2016-07-19,966841.14
2016-07-20,966811.31
2016-07-21,967879.78
2016-07-22,969192.38
2016-07-25,967511.53
2016-07-26,968708.0
2016-07-27,972198.28
2016-07-28,972422.77
2016-07-29,974713.3
2016-08-01,974209.42
2016-08-02,970590.53
2016-08-03,971347.32
2016-08-04,975445.2
2016-08-05,978319.3
2016-08-08,979552.81
2016-08-09,985107.74
2016-08-10,984770.55
2016-08-11,987858.01
2016-08-12,987129.07
2016-08-15,990041.0
2016-08-16,986855.8
2016-08-17,987226.86
2016-08-18,986716.17
2016-08-19,984349.47
2016-08-22,982798.81
2016-08-23,984948.08
2016-08-24,980820.15
2016-08-25,978206.34
2016-08-26,978079.82
2016-08-29,980643.97
2016-08-30,979833.76
2016-08-31,976831.57
2016-09-01,977210.48
2016-09-02,985150.67
2016-09-05,984428.32
2016-09-06,987929.38
2016-09-07,988197.16
2016-09-08,985323.83
2016-09-09,970121.82
2016-09-12,977288.52
2016-09-13,968026.08
2016-09-14,968120.07
2016-09-15,974799.4
2016-09-16,970569.65
2016-09-19,972517.92
2016-09-20,974764.83
2016-09-21,983016.18
2016-09-22,989354.87
2016-09-23,986228.11
2016-09-26,978132.38
2016-09-27,979728.08
2016-09-28,983976.49
2016-09-29,977011.9
2016-09-30,982933.09
2016-10-03,983264.96
2016-10-04,979445.94
2016-10-05,981267.72
2016-10-06,979318.12
2016-10-07,977407.33
2016-10-10,982458.75
2016-10-11,976442.5
2016-10-12,975047.05
2016-10-13,972026.31
2016-10-14,973958.04
2016-10-17,970831.76
2016-10-18,977381.82
2016-10-19,979355.62
2016-10-20,979291.02
2016-10-21,980373.96
2016-10-24,982622.73
2016-10-25,983170.52
2016-10-26,978050.52
2016-10-27,978271.73
2016-10-28,976221.43
2016-10-31,976071.55
2016-11-01,971426.01
2016-11-02,965218.57
2016-11-03,959749.06
2016-11-04,954243.19
2016-11-07,970575.99
2016-11-08,973646.06
2016-11-09,978853.54
2016-11-10,975489.04
2016-11-11,968408.41
2016-11-14,969853.17
2016-11-15,977139.1
2016-11-16,973997.92
2016-11-17,979471.1
2016-11-18,974998.12
2016-11-21,981395.99
2016-11-22,983912.44
2016-11-23,980929.52
2016-11-24,981033.71
2016-11-25,981505.27
2016-11-28,977265.37
2016-11-29,978640.42
2016-11-30,976089.47
2016-12-01,968113.5
2016-12-02,968208.68
2016-12-05,974627.6
2016-12-06,979136.9
2016-12-07,991082.77
2016-12-08,995619.28
2016-12-09,1003145.18
2016-12-12,997996.86
2016-12-13,1006626.73
2016-12-14,1004033.62
2016-12-15,1009579.89
2016-12-16,1007674.81
2016-12-19,1009616.92
2016-12-20,1013812.05
2016-12-21,1012175.99
2016-12-22,1011161.3
2016-12-23,1012065.82
2016-12-26,1012065.82
2016-12-27,1013458.29
2016-12-28,1009699.52
2016-12-29,1007171.28
2016-12-30,1005536.27
2017-01-02,1007678.01
2017-01-03,1014549.94
2017-01-04,1019629.32
2017-01-05,1018488.74
2017-01-06,1022984.78
2017-01-09,1021418.55
2017-01-10,1021594.65
2017-01-11,1024839.58
2017-01-12,1021925.04
2017-01-13,1024512.79
2017-01-16,1021318.11
2017-01-17,1015240.79
2017-01-18,1020125.96
2017-01-19,1017938.11
2017-01-20,1020126.36
2017-01-23,1016265.48
2017-01-24,1020850.62
2017-01-25,1028247.03
2017-01-26,1030780.51
2017-01-27,1030513.2
2017-01-30,1023170.21
2017-01-31,1019148.07
2017-02-01,1022670.52
2017-02-02,1022694.13
2017-02-03,1025328.16
2017-02-06,1021034.54
2017-02-07,1022931.64
2017-02-08,1023628.47
2017-02-09,1029394.42
2017-02-10,1033297.54
2017-02-13,1038375.01
2017-02-14,1039962.42
2017-02-15,1041987.32
2017-02-16,1039244.21
2017-02-17,1040170.19
2017-02-20,1042471.91
2017-02-21,1047104.22
2017-02-22,1046710.59
2017-02-23,1044210.35
2017-02-24,1041388.68
2017-02-27,1042774.66
2017-02-28,1040781.06
2017-03-01,1055246.37
2017-03-02,1052758.04
2017-03-03,1051510.5
2017-03-06,1049327.92
2017-03-07,1046989.07
2017-03-08,1046097.56
2017-03-09,1048053.84
2017-03-10,1051083.97
2017-03-13,1053726.78
2017-03-14,1050991.71
2017-03-15,1054476.13
2017-03-16,1054888.91
2017-03-17,1054328.59
2017-03-20,1053316.66
2017-03-21,1042215.0
2017-03-22,1042938.57
2017-03-23,1043713.7
2017-03-24,1046565.25
2017-03-27,1044194.32
2017-03-28,1051882.81
2017-03-29,1052054.97
2017-03-30,1053585.5
2017-03-31,1051189.58
2017-04-03,1050089.92
2017-04-04,1050405.8
2017-04-05,1045551.9
2017-04-06,1046080.12
2017-04-07,1047876.3
2017-04-10,1046745.98
2017-04-11,1045468.77
2017-04-12,1040961.76
2017-04-13,1036345.1
2017-04-17,1040307.3
2017-04-18,1032726.57
2017-04-19,1032459.71
2017-04-20,1038204.6
2017-04-21,1038499.97
2017-04-24,1054191.03
2017-04-25,1059629.62
2017-04-26,1058510.18
2017-04-27,1059899.09
2017-04-28,1058397.17
2017-05-01,1061801.05
2017-05-02,1065617.26
2017-05-03,1066077.01
2017-05-04,1067931.68
2017-05-05,1074164.87
2017-05-08,1074550.74
2017-05-09,1077237.3
2017-05-10,1078665.83
2017-05-11,1077142.92
2017-05-12,1078360.05
2017-05-15,1082109.75
2017-05-16,1083068.47
2017-05-17,1066338.23
2017-05-18,1071101.24
2017-05-19,1074383.98
2017-05-22,1077415.08
2017-05-23,1079125.72
2017-05-24,1079957.71
2017-05-25,1082968.69
2017-05-26,1082453.45
2017-05-29,1082846.63
2017-05-30,1081129.05
2017-05-31,1081894.36
2017-06-01,1088362.28
2017-06-02,1097440.39
2017-06-05,1096730.3
2017-06-06,1092309.63
2017-06-07,1092214.13
2017-06-08,1091990.02
2017-06-09,1086352.84
2017-06-12,1083568.77
2017-06-13,1087975.18
2017-06-14,1085821.53
2017-06-15,1080221.36
2017-06-16,1082422.0
2017-06-19,1090159.31
2017-06-20,1085234.61
2017-06-21,1085815.39
2017-06-22,1085612.23
2017-06-23,1086824.79
2017-06-26,1085898.68
2017-06-27,1078185.42
2017-06-28,1083729.64
2017-06-29,1070752.99
2017-06-30,1070581.92
2017-07-03,1070712.3
2017-07-04,1067277.83
2017-07-05,1071489.83
2017-07-06,1063328.26
2017-07-07,1069551.96
2017-07-10,1071820.69
2017-07-11,1072796.95
2017-07-12,1079112.51
2017-07-13,1080870.99
2017-07-14,1081781.72
2017-07-17,1080921.85
2017-07-18,1079791.79
2017-07-19,1083620.09
2017-07-20,1085508.6
2017-07-21,1080500.95
2017-07-24,1079486.68
2017-07-25,1081702.84
2017-07-26,1081852.61
2017-07-27,1079294.13
2017-07-28,1076575.34
2017-07-31,1074655.05
2017-08-01,1079591.25
2017-08-02,1078776.9
2017-08-03,1078108.74
2017-08-04,1081617.96
2017-08-07,1082735.78
2017-08-08,1080958.79
2017-08-09,1079905.08
2017-08-10,1064593.14
2017-08-11,1065454.45
2017-08-14,1074101.06
2017-08-15,1075732.79
2017-08-16,1079018.74
2017-08-17,1067505.82
2017-08-18,1066026.12
2017-08-21,1065024.68
2017-08-22,1073847.26
2017-08-23,1071850.14
2017-08-24,1070782.1
2017-08-25,1071618.92
2017-08-28,1075359.44
2017-08-29,1072259.51
2017-08-30,1076536.25
2017-08-31,1084198.16
2017-09-01,1086736.64
2017-09-04,1084557.46
2017-09-05,1079155.34
2017-09-06,1084042.05
2017-09-07,1087177.36
2017-09-08,1082587.39
2017-09-11,1092425.02
2017-09-12,1095337.59
2017-09-13,1094804.06
2017-09-14,1093007.64
2017-09-15,1090535.19
2017-09-18,1091853.7
2017-09-19,1094468.28
2017-09-20,1095116.4
2017-09-21,1090739.09
2017-09-22,1092448.31
2017-09-25,1090647.4
2017-09-26,1089730.86
2017-09-27,1093038.3
2017-09-28,1093577.29
2017-09-29,1097980.19
2017-10-02,1100844.36
2017-10-03,1104513.13
2017-10-04,1105631.74
2017-10-05,1109650.21
2017-10-06,1110547.59
2017-10-09,1109979.87
2017-10-10,1114527.93
2017-10-11,1116777.54
2017-10-12,1116539.28
2017-10-13,1121744.83
2017-10-16,1122330.64
2017-10-17,1121572.91
2017-10-18,1122150.35
2017-10-19,1121030.24
2017-10-20,1122638.66
2017-10-23,1121209.06
2017-10-24,1124046.06
2017-10-25,1118825.87
2017-10-26,1121467.61
2017-10-27,1132430.12
2017-10-30,1130824.43
2017-10-31,1134727.98
2017-11-01,1140598.55
2017-11-02,1143050.36
2017-11-03,1144751.51
2017-11-06,1146914.24
2017-11-07,1146212.26
2017-11-08,1149395.34
2017-11-09,1141713.01
2017-11-10,1136427.15
2017-11-13,1135949.41
2017-11-14,1133146.39
2017-11-15,1126825.46
2017-11-16,1137286.36
2017-11-17,1134081.66
2017-11-20,1134829.27
2017-11-21,1142319.58
2017-11-22,1138954.39
2017-11-23,1139248.39
2017-11-24,1143070.58
2017-11-27,1140554.51
2017-11-28,1147235.32
2017-11-29,1140185.79
2017-11-30,1141839.13
2017-12-01,1138498.11
2017-12-04,1135748.28
2017-12-05,1132947.24
2017-12-06,1131337.85
2017-12-07,1134843.67
2017-12-08,1139810.96
2017-12-11,1141554.44
2017-12-12,1141517.76
2017-12-13,1140308.1
2017-12-14,1137680.27
2017-12-15,1144101.03
2017-12-18,1152993.72
2017-12-19,1148409.8
2017-12-20,1147182.95
2017-12-21,1147503.72
2017-12-22,1149256.08
2017-12-25,1149061.53
2017-12-26,1149264.07
2017-12-27,1149256.9
2017-12-28,1148953.36
2017-12-29,1146022.91
2018-01-01,1146607.34
2018-01-02,1154466.71
2018-01-03,1161363.84
2018-01-04,1169931.07
2018-01-05,1176636.52
2018-01-08,1179180.47
2018-01-09,1178128.46
2018-01-10,1174520.42
2018-01-11,1179204.56
2018-01-12,1184324.74
2018-01-15,1184258.33
2018-01-16,1181294.04
2018-01-17,1188047.94
2018-01-18,1186543.47
2018-01-19,1191375.28
2018-01-22,1196459.42
2018-01-23,1201566.19
2018-01-24,1197577.52
2018-01-25,1193568.71
2018-01-26,1201341.98
2018-01-29,1194823.77
2018-01-30,1186339.99
2018-01-31,1188541.25
2018-02-01,1184499.32
2018-02-02,1164583.82
2018-02-05,1123882.41
2018-02-06,1145999.73
2018-02-07,1136189.39
2018-02-08,1104742.9
2018-02-09,1113042.41
2018-02-12,1127768.59
2018-02-13,1124652.36
2018-02-14,1140633.47
2018-02-15,1144925.48
2018-02-16,1149983.76
2018-02-19,1147787.81
2018-02-20,1143749.48
2018-02-21,1141356.45
2018-02-22,1140880.37
2018-02-23,1153751.39
2018-02-26,1164072.24
2018-02-27,1150537.39
2018-02-28,1142786.07
2018-03-01,1123167.18
2018-03-02,1127553.99
2018-03-05,1133867.66
2018-03-06,1139775.93
2018-03-07,1136188.22
2018-03-08,1139099.59
2018-03-09,1148558.41
2018-03-12,1148552.02
2018-03-13,1145055.79
2018-03-14,1143364.17
2018-03-15,1142402.47
2018-03-16,1140181.01
2018-03-19,1131030.47
2018-03-20,1132465.1
2018-03-21,1133265.99
2018-03-22,1121461.23
2018-03-23,1108195.25
2018-03-26,1126150.42
2018-03-27,1115212.47
2018-03-28,1113839.61
2018-03-29,1121764.85
2018-04-02,1110514.49
2018-04-03,1117865.58
2018-04-04,1123294.27
2018-04-05,1128053.35
2018-04-06,1115391.72
2018-04-09,1119158.14
2018-04-10,1129662.8
2018-04-11,1127363.2
2018-04-12,1129578.46
2018-04-13,1129873.69
2018-04-16,1134097.61
2018-04-17,1140223.3
2018-04-18,1144898.62
2018-04-19,1139512.31
2018-04-20,1133404.35
2018-04-23,1133418.37
2018-04-24,1126838.89
2018-04-25,1130152.66
2018-04-26,1135900.33
2018-04-27,1134787.79
2018-04-30,1130778.06
2018-05-01,1133648.45
2018-05-02,1126843.09
2018-05-03,1128220.37
2018-05-04,1137393.43
2018-05-07,1138747.31
2018-05-08,1138623.72
2018-05-09,1145150.12
2018-05-10,1151305.34
2018-05-11,1152675.81
2018-05-14,1153823.72
2018-05-15,1145257.79
2018-05-16,1149802.58
2018-05-17,1149988.78
2018-05-18,1148108.78
2018-05-21,1153886.66
2018-05-22,1152088.62
2018-05-23,1150092.5
2018-05-24,1148901.84
2018-05-25,1146354.76
2018-05-28,1147281.16
2018-05-29,1138456.64
2018-05-30,1145646.66
2018-05-31,1143903.66
2018-06-01,1149631.85
2018-06-04,1154670.86
2018-06-05,1154616.4
2018-06-06,1161754.03
2018-06-07,1156900.61
2018-06-08,1157783.73
2018-06-11,1164786.77
2018-06-12,1163211.6
2018-06-13,1161472.82
2018-06-14,1170481.06
2018-06-15,1165351.26
2018-06-18,1155075.87
2018-06-19,1154062.87
2018-06-20,1157503.13
2018-06-21,1146982.6
2018-06-22,1152562.3
2018-06-25,1134232.37
2018-06-26,1139284.91
2018-06-27,1134620.93
2018-06-28,1138389.75
2018-06-29,1138113.78
2018-07-02,1135441.35
2018-07-03,1130105.66
2018-07-04,1131298.1
2018-07-05,1134520.28
2018-07-06,1141680.51
2018-07-09,1151375.82
2018-07-10,1145581.58
2018-07-11,1144742.18
2018-07-12,1155604.32
2018-07-13,1156650.55
2018-07-16,1153317.65
2018-07-17,1161197.43
2018-07-18,1160614.74
2018-07-19,1158389.04
2018-07-20,1155212.97
2018-07-23,1158872.44
2018-07-24,1159426.01
2018-07-25,1159920.01
2018-07-26,1161335.01
2018-07-27,1155927.16
2018-07-30,1152007.47
2018-07-31,1157547.75
2018-08-01,1155411.3
2018-08-02,1156065.99
2018-08-03,1158551.7
2018-08-06,1159159.22
2018-08-07,1163680.64
2018-08-08,1161867.4
2018-08-09,1163223.56
2018-08-10,1152453.48
2018-08-13,1149013.91
2018-08-14,1153885.29
2018-08-15,1139430.51
2018-08-16,1146016.23
2018-08-17,1147339.5
2018-08-20,1147763.8
2018-08-21,1146171.74
2018-08-22,1152750.59
2018-08-23,1152134.6
2018-08-24,1157800.32
2018-08-27,1168419.54
2018-08-28,1166823.43
2018-08-29,1170541.53
2018-08-30,1161934.59
2018-08-31,1162256.62
2018-09-03,1162116.86
2018-09-04,1158867.44
2018-09-05,1151841.24
2018-09-06,1146954.79
2018-09-07,1145376.34
2018-09-10,1147219.25
2018-09-11,1151413.19
2018-09-12,1149922.19
2018-09-13,1156349.44
2018-09-14,1158228.87
2018-09-17,1149358.61
2018-09-18,1161853.41
2018-09-19,1163174.18
2018-09-20,1168436.9
2018-09-21,1169165.17
2018-09-24,1168615.8
2018-09-25,1170099.86
2018-09-26,1170012.92
2018-09-27,1174580.64
2018-09-28,1174117.4
2018-10-01,1176678.54
2018-10-02,1174364.87
2018-10-03,1174740.78
2018-10-04,1165006.63
2018-10-05,1158188.13
2018-10-08,1153790.96
2018-10-09,1153394.4
2018-10-10,1124104.81
2018-10-11,1122046.77
2018-10-12,1125800.3
2018-10-15,1121072.87
2018-10-16,1138143.82
2018-10-17,1134862.63
2018-10-18,1123405.13
2018-10-19,1123850.46
2018-10-22,1123427.47
2018-10-23,1120753.99
2018-10-24,1097856.77
2018-10-25,1101819.57
2018-10-26,1100307.29
2018-10-29,1092195.83
2018-10-30,1106235.82
2018-10-31,1114456.69
2018-11-01,1116715.65
2018-11-02,1115759.69
2018-11-05,1115007.64
2018-11-06,1116286.83
2018-11-07,1121810.17
2018-11-08,1120436.65
2018-11-09,1117199.36
2018-11-12,1112000.46
2018-11-13,1113126.88
2018-11-14,1110245.26
2018-11-15,1112943.28
2018-11-16,1113552.96
2018-11-19,1107115.41
2018-11-20,1103383.24
2018-11-21,1105290.12
2018-11-22,1104122.13
2018-11-23,1103774.54
2018-11-26,1106953.93
2018-11-27,1109161.28
2018-11-28,1114352.94
2018-11-29,1114183.34
2018-11-30,1115855.08
2018-12-03,1117972.47
2018-12-04,1100178.47
2018-12-05,1096747.01
2018-12-06,1099071.09
2018-12-07,1086181.49
2018-12-10,1087701.83
2018-12-11,1089391.03
2018-12-12,1096261.94
2018-12-13,1093767.04
2018-12-14,1083451.95
2018-12-17,1077102.69
2018-12-18,1073959.1
2018-12-19,1065508.67
2018-12-20,1058081.88
2018-12-21,1042527.33
2018-12-24,1027841.15
2018-12-25,1028218.63
2018-12-26,1054305.84
2018-12-27,1055627.64
2018-12-28,1056404.07
2018-12-31,1057386.41
2019-01-01,1059651.99
2019-01-02,1060299.61
2019-01-03,1061573.66
2019-01-04,1060212.96
2019-01-07,1060714.55
2019-01-08,1060202.96
2019-01-09,1061271.43
2019-01-10,1060594.97
2019-01-11,1060524.29
2019-01-14,1061077.74
2019-01-15,1060821.49
2019-01-16,1061279.16
2019-01-17,1061189.76
2019-01-18,1059717.92
2019-01-21,1059462.77
2019-01-22,1060135.12
2019-01-23,1060023.99
2019-01-24,1059698.75
2019-01-25,1062715.68
2019-01-28,1062792.66
2019-01-29,1063724.14
2019-01-30,1064877.57
2019-01-31,1065122.67
2019-02-01,1064651.91
2019-02-04,1063869.7
2019-02-05,1064304.93
2019-02-06,1063178.21
2019-02-07,1063696.91
2019-02-08,1064210.48
2019-02-11,1063336.48
2019-02-12,1063677.48
2019-02-13,1063318.96
2019-02-14,1063902.37
2019-02-15,1065172.09
2019-02-18,1065859.48
2019-02-19,1067614.45
2019-02-20,1067756.84
2019-02-21,1065796.33
2019-02-22,1066108.01
2019-02-25,1066020.39
2019-02-26,1066252.58
2019-02-27,1065166.88
2019-02-28,1064237.47
2019-03-01,1061386.55
2019-03-04,1059318.77
2019-03-05,1059407.34
2019-03-06,1056886.98
2019-03-07,1053981.5
2019-03-08,1055302.93
2019-03-11,1061464.6
2019-03-12,1062995.86
2019-03-13,1067078.76
2019-03-14,1064496.96
2019-03-15,1067990.02
2019-03-18,1069294.62
2019-03-19,1069459.85
2019-03-20,1071419.95
2019-03-21,1075453.45
2019-03-22,1068963.4
2019-03-25,1069927.67
2019-03-26,1070470.73
2019-03-27,1067039.32
2019-03-28,1067294.13
2019-03-29,1069124.98
2019-04-01,1072705.58
2019-04-02,1074321.07
2019-04-03,1077042.78
2019-04-04,1077006.97
2019-04-05,1080202.34
2019-04-08,1081539.69
2019-04-09,1079811.6
2019-04-10,1082849.98
2019-04-11,1079895.3
2019-04-12,1082038.43
2019-04-15,1081368.65
2019-04-16,1080802.45
2019-04-17,1080859.52
2019-04-18,1082370.92
2019-04-22,1083061.7
2019-04-23,1087189.7
2019-04-24,1086648.19
2019-04-25,1084648.13
2019-04-26,1087784.88
2019-04-29,1086169.3
2019-04-30,1088370.67
2019-05-01,1080596.61
2019-05-02,1080527.97
2019-05-03,1090687.16
2019-05-06,1080003.42
2019-05-07,1066268.96
2019-05-08,1066577.87
2019-05-09,1062979.81
2019-05-10,1067776.59
2019-05-13,1042792.45
2019-05-14,1056024.46
2019-05-15,1060354.91
2019-05-16,1068683.32
2019-05-17,1062333.45
2019-05-20,1056557.4
2019-05-21,1062578.85
2019-05-22,1057081.07
2019-05-23,1047744.56
2019-05-24,1052464.99
2019-05-27,1054493.2
2019-05-28,1046881.44
2019-05-29,1039475.4
2019-05-30,1037538.7
2019-05-31,1032006.03
2019-06-03,1032812.83
2019-06-04,1032831.47
2019-06-05,1033557.48
2019-06-06,1033885.11
2019-06-07,1034831.63
2019-06-10,1033352.59
2019-06-11,1033156.57
2019-06-12,1033910.2
2019-06-13,1035321.16
2019-06-14,1034909.85
2019-06-17,1034707.32
2019-06-18,1035451.1
2019-06-19,1037046.98
2019-06-20,1041237.34
2019-06-21,1042322.8
2019-06-24,1045514.95
2019-06-25,1044679.53
2019-06-26,1043736.25
2019-06-27,1043781.26
2019-06-28,1043608.06
2019-07-01,1040457.75
2019-07-02,1050372.8
2019-07-03,1053732.17
2019-07-04,1054124.46
2019-07-05,1047555.97
2019-07-08,1043368.94
2019-07-09,1044545.54
2019-07-10,1049563.5
2019-07-11,1047148.07
2019-07-12,1048559.03
2019-07-15,1051976.84
2019-07-16,1049401.85
2019-07-17,1046091.72
2019-07-18,1050226.37
2019-07-19,1044252.13
2019-07-22,1048275.56
2019-07-23,1053068.22
2019-07-24,1055919.08
2019-07-25,1049764.83
2019-07-26,1053992.17
2019-07-29,1058176.18
2019-07-30,1052764.52
2019-07-31,1042577.23
2019-08-01,1040402.41
2019-08-02,1033983.18
2019-08-05,1003346.76
2019-08-06,1021027.04
2019-08-07,1026538.54
2019-08-08,1038453.58
2019-08-09,1034292.23
2019-08-12,1029570.03
2019-08-13,1038619.02
2019-08-14,1020084.97
2019-08-15,1021516.17
2019-08-16,1027647.13
2019-08-19,1032010.82
2019-08-20,1028417.1
2019-08-21,1037717.3
2019-08-22,1032704.78
2019-08-23,1022643.64
2019-08-26,1028219.39
2019-08-27,1030672.96
2019-08-28,1030640.38
2019-08-29,1038907.6
2019-08-30,1039790.1
2019-09-02,1039486.74
2019-09-03,1040838.49
2019-09-04,1048139.68
2019-09-05,1050773.07
2019-09-06,1050862.41
2019-09-09,1049023.38
2019-09-10,1048390.51
2019-09-11,1059630.4
2019-09-12,1058689.99
2019-09-13,1055745.04
2019-09-16,1055294.28
2019-09-17,1055581.73
2019-09-18,1054699.76
2019-09-19,1057299.25
2019-09-20,1055276.31
2019-09-23,1059047.24
2019-09-24,1051423.45
2019-09-25,1051090.08
2019-09-26,1052491.02
2019-09-27,1049700.39
2019-09-30,1051904.3
2019-10-01,1044630.44
2019-10-02,1026936.11
2019-10-03,1031266.97
2019-10-04,1040729.95
2019-10-07,1038228.15
2019-10-08,1031035.58
2019-10-09,1034021.86
2019-10-10,1042962.24
2019-10-11,1053578.27
2019-10-14,1055483.82
2019-10-15,1061602.51
2019-10-16,1060930.75
2019-10-17,1062903.47
2019-10-18,1059576.1
2019-10-21,1064640.25
2019-10-22,1061991.92
2019-10-23,1069363.28
2019-10-24,1072067.05
2019-10-25,1077049.89
2019-10-28,1080830.86
2019-10-29,1077505.7
2019-10-30,1081310.86
2019-10-31,1077722.23
2019-11-01,1085466.41
2019-11-04,1093642.68
2019-11-05,1090371.53
2019-11-06,1091027.19
2019-11-07,1094286.95
2019-11-08,1092225.29
2019-11-11,1088315.23
2019-11-12,1091247.7
2019-11-13,1090841.51
2019-11-14,1089399.26
2019-11-15,1093837.1
2019-11-18,1093460.38
2019-11-19,1091336.77
2019-11-20,1086351.76
2019-11-21,1085769.32
2019-11-22,1090062.43
2019-11-25,1097069.02
2019-11-26,1099161.95
2019-11-27,1099572.81
2019-11-28,1100516.78
2019-11-29,1097187.65
2019-12-02,1086989.63
2019-12-03,1084869.66
2019-12-04,1088544.2
2019-12-05,1087795.76
2019-12-06,1094356.41
2019-12-09,1090250.28
2019-12-10,1090448.31
2019-12-11,1095446.59
2019-12-12,1107895.05
2019-12-13,1108584.91
2019-12-16,1117121.94
2019-12-17,1115361.21
2019-12-18,1115071.2
2019-12-19,1118127.78
2019-12-20,1120217.56
2019-12-23,1122865.09
2019-12-24,1124507.9
2019-12-25,1124237.68
2019-12-26,1131145.4
2019-12-27,1127924.58
2019-12-30,1120147.01
2019-12-31,1120447.08
2020-01-01,1122991.31
2020-01-02,1135364.47
2020-01-03,1127162.49
2020-01-06,1129013.18
2020-01-07,1124689.28
2020-01-08,1137621.01
2020-01-09,1143528.15
2020-01-10,1140569.37
2020-01-13,1147064.73
2020-01-14,1143273.94
2020-01-15,1146895.3
2020-01-16,1150915.93
2020-01-17,1154460.01
2020-01-20,1153996.15
2020-01-21,1149776.74
2020-01-22,1148236.51
2020-01-23,1151976.01
2020-01-24,1147201.98
2020-01-27,1130251.17
2020-01-28,1136997.15
2020-01-29,1138371.54
2020-01-30,1138081.17
2020-01-31,1119512.73
2020-02-03,1124385.72
2020-02-04,1137351.2
2020-02-05,1146765.19
2020-02-06,1153990.95
2020-02-07,1148316.08
2020-02-10,1153408.94
2020-02-11,1156327.69
2020-02-12,1159082.77
2020-02-13,1159256.33
2020-02-14,1160359.9
2020-02-17,1158311.0
2020-02-18,1160733.74
2020-02-19,1167978.69
2020-02-20,1160091.58
2020-02-21,1156353.65
2020-02-24,1130701.86
2020-02-25,1114738.16
2020-02-26,1107393.89
2020-02-27,1077105.94
2020-02-28,1066391.9
2020-03-02,1089218.16
2020-03-03,1083760.01
2020-03-04,1096468.48
2020-03-05,1092205.51
2020-03-06,1084473.4
2020-03-09,1065212.38
2020-03-10,1067853.42
2020-03-11,1056182.32
2020-03-12,1010758.27
2020-03-13,1042538.49
2020-03-16,1006993.67
2020-03-17,1009646.37
2020-03-18,1011949.82
2020-03-19,999023.79
2020-03-20,992065.24
2020-03-23,999561.86
2020-03-24,1028817.56
2020-03-25,1029562.94
2020-03-26,1051374.38
2020-03-27,1037925.61
2020-03-30,1049669.1
2020-03-31,1037021.21
2020-04-01,1029024.27
2020-04-02,1031327.29
2020-04-03,1031903.95
2020-04-06,1036708.81
2020-04-07,1035106.34
2020-04-08,1035042.86
2020-04-09,1038850.28
2020-04-13,1042319.29
2020-04-14,1043141.0
2020-04-15,1042158.32
2020-04-16,1042154.77
2020-04-17,1038862.24
2020-04-20,1039652.09
2020-04-21,1039302.36
2020-04-22,1041768.37
2020-04-23,1043444.47
2020-04-24,1043539.05
2020-04-27,1041573.32
2020-04-28,1041096.98
2020-04-29,1041982.34
2020-04-30,1039393.75
2020-05-01,1040628.87
2020-05-04,1043075.97
2020-05-05,1045696.56
2020-05-06,1044433.02
2020-05-07,1050333.84
2020-05-08,1050559.54
2020-05-11,1051213.35
2020-05-12,1046756.15
2020-05-13,1048319.65
2020-05-14,1051648.19
2020-05-15,1052379.77
2020-05-18,1056385.14
2020-05-19,1056977.34
2020-05-20,1060258.09
2020-05-21,1056585.47
2020-05-22,1057484.66
2020-05-25,1058653.7
2020-05-26,1055101.05
2020-05-27,1055783.58
2020-05-28,1056448.97
2020-05-29,1060198.1
2020-06-01,1061193.05
2020-06-02,1069219.22
2020-06-03,1070206.09
2020-06-04,1066963.79
2020-06-05,1076054.49
2020-06-08,1080714.96
2020-06-09,1082244.91
2020-06-10,1081544.82
2020-06-11,1059875.0
2020-06-12,1062129.62
2020-06-15,1068834.6
2020-06-16,1076269.72
2020-06-17,1072759.32
2020-06-18,1076274.63
2020-06-19,1071933.62
2020-06-22,1083355.02
2020-06-23,1083857.09
2020-06-24,1072798.98
2020-06-25,1079300.69
2020-06-26,1070593.85
2020-06-29,1076631.98
2020-06-30,1081024.51
2020-07-01,1081796.95
2020-07-02,1090429.69
2020-07-03,1088875.66
2020-07-06,1105288.09
2020-07-07,1098023.19
2020-07-08,1104626.95
2020-07-09,1104132.42
2020-07-10,1109178.69
2020-07-13,1102892.98
2020-07-14,1113532.18
2020-07-15,1114854.13
2020-07-16,1110037.94
2020-07-17,1112486.19
2020-07-20,1123710.54
2020-07-21,1126019.6
2020-07-22,1127409.51
2020-07-23,1120900.45
2020-07-24,1113578.83
2020-07-27,1130134.22
2020-07-28,1122955.81
2020-07-29,1128868.51
2020-07-30,1125764.66
2020-07-31,1121436.2
2020-08-03,1133919.15
2020-08-04,1140636.99
2020-08-05,1142520.68
2020-08-06,1149597.12
2020-08-07,1145467.15
2020-08-10,1145754.66
2020-08-11,1134366.22
2020-08-12,1148148.79
2020-08-13,1153190.26
2020-08-14,1146337.99
2020-08-17,1155578.47
2020-08-18,1157710.51
2020-08-19,1147009.39
2020-08-20,1154507.69
2020-08-21,1151983.92
2020-08-24,1162338.16
2020-08-25,1164671.55
2020-08-26,1175033.13
2020-08-27,1170676.32
2020-08-28,1171974.31
2020-08-31,1173836.36
2020-09-01,1182950.01
2020-09-02,1191658.23
2020-09-03,1157351.25
2020-09-04,1157581.33
2020-09-07,1161955.15
2020-09-08,1140748.36
2020-09-09,1162589.74
2020-09-10,1152000.07
2020-09-11,1150227.21
2020-09-14,1159928.9
2020-09-15,1163115.45
2020-09-16,1160312.17
2020-09-17,1153413.89
2020-09-18,1147881.7
2020-09-21,1134761.02
2020-09-22,1138871.1
2020-09-23,1119590.12
2020-09-24,1129434.69
2020-09-25,1132993.2
2020-09-28,1149938.54
2020-09-29,1148432.62
2020-09-30,1148395.49
2020-10-01,1151273.03
2020-10-02,1142610.94
2020-10-05,1154074.46
2020-10-06,1143531.41
2020-10-07,1156497.96
2020-10-08,1164785.93
2020-10-09,1170196.11
2020-10-12,1181248.76
2020-10-13,1173584.03
2020-10-14,1169811.68
2020-10-15,1166260.85
2020-10-16,1164080.3
2020-10-19,1161511.23
2020-10-20,1162062.81
2020-10-21,1155256.91
2020-10-22,1158199.27
2020-10-23,1158555.32
2020-10-26,1144340.33
2020-10-27,1139358.02
2020-10-28,1118601.59
2020-10-29,1119544.61
2020-10-30,1117609.6
2020-11-02,1127196.23
2020-11-03,1139585.29
2020-11-04,1150406.62
2020-11-05,1164419.8
2020-11-06,1167014.87
2020-11-09,1165030.34
2020-11-10,1160407.66
2020-11-11,1167883.07
2020-11-12,1165902.51
2020-11-13,1173037.39
2020-11-16,1180825.96
2020-11-17,1176399.47
2020-11-18,1169124.58
2020-11-19,1167170.19
2020-11-20,1168428.63
2020-11-23,1170707.89
2020-11-24,1177691.9
2020-11-25,1175949.27
2020-11-26,1176594.99
2020-11-27,1179302.78
2020-11-30,1178447.67
2020-12-01,1186498.08
2020-12-02,1188883.13
2020-12-03,1190015.86
2020-12-04,1195728.05
2020-12-07,1194106.41
2020-12-08,1200696.51
2020-12-09,1192311.24
2020-12-10,1193986.34
2020-12-11,1188551.83
2020-12-14,1188622.07
2020-12-15,1200230.26
2020-12-16,1206562.12
2020-12-17,1211393.22
2020-12-18,1210385.46
2020-12-21,1198411.8
2020-12-22,1199681.13
2020-12-23,1204423.94
2020-12-24,1206533.22
2020-12-28,1215382.38
2020-12-29,1220756.06
2020-12-30,1219597.19
2020-12-31,1220250.87
2021-01-04,1218494.9
2021-01-05,1224410.83
2021-01-06,1233694.16
2021-01-07,1244532.42
2021-01-08,1248911.43
2021-01-11,1236981.58
2021-01-12,1237211.03
2021-01-13,1239333.8
2021-01-14,1243008.69
2021-01-15,1225913.56
2021-01-18,1232822.24
2021-01-19,1241613.4
2021-01-20,1252382.98
2021-01-21,1250391.74
2021-01-22,1246457.08
2021-01-25,1246206.97
2021-01-26,1249604.32
2021-01-27,1213247.62
2021-01-28,1226069.13
2021-01-29,1207441.76
2021-02-01,1230073.29
2021-02-02,1240600.11
2021-02-03,1242024.05
2021-02-04,1241743.51
2021-02-05,1246828.28
2021-02-08,1257015.99
2021-02-09,1256760.16
2021-02-10,1253892.53
2021-02-11,1257812.35
2021-02-12,1263303.1
2021-02-15,1273087.58
2021-02-16,1265228.25
2021-02-17,1262696.28
2021-02-18,1252516.39
2021-02-19,1254292.82
2021-02-22,1249324.24
2021-02-23,1247815.96
2021-02-24,1259124.25
2021-02-25,1229129.24
2021-02-26,1220515.22
2021-03-01,1244209.31
2021-03-02,1237704.02
2021-03-03,1220050.39
2021-03-04,1211468.73
2021-03-05,1227944.66
2021-03-08,1226420.0
2021-03-09,1239612.13
2021-03-10,1240136.25
2021-03-11,1249848.19
2021-03-12,1252197.81
2021-03-15,1253604.88
2021-03-16,1257312.78
2021-03-17,1263956.6
2021-03-18,1249771.52
2021-03-19,1245996.65
2021-03-22,1252172.85
2021-03-23,1241840.92
2021-03-24,1235691.69
2021-03-25,1243561.41
2021-03-26,1257279.62
2021-03-29,1257058.59
2021-03-30,1255440.77
2021-03-31,1260497.92
2021-04-01,1272006.35
2021-04-02,1274730.45
2021-04-05,1285060.43
2021-04-06,1281136.91
2021-04-07,1284340.99
2021-04-08,1291085.73
2021-04-09,1291270.94
2021-04-12,1288769.68
2021-04-13,1292042.45
2021-04-14,1288192.36
2021-04-15,1298748.68
2021-04-16,1303138.02
2021-04-19,1295627.48
2021-04-20,1277786.58
2021-04-21,1286534.8
2021-04-22,1283280.47
2021-04-23,1290678.51
2021-04-26,1295083.29
2021-04-27,1291101.57
2021-04-28,1293189.56
2021-04-29,1290619.85
2021-04-30,1287900.71
2021-05-03,1289125.55
2021-05-04,1276634.04
2021-05-05,1285044.25
2021-05-06,1293556.84
2021-05-07,1301113.67
2021-05-10,1288653.2
2021-05-11,1276394.77
2021-05-12,1260684.8
2021-05-13,1266931.51
2021-05-14,1283825.88
2021-05-17,1279138.54
2021-05-18,1269115.17
2021-05-19,1265228.85
2021-05-20,1282801.84
2021-05-21,1282039.19
2021-05-24,1292213.71
2021-05-25,1289341.26
2021-05-26,1290014.24
2021-05-27,1294884.09
2021-05-28,1293837.77
2021-05-31,1293480.95
2021-06-01,1292959.96
2021-06-02,1298249.84
2021-06-03,1289059.0
2021-06-04,1300545.57
2021-06-07,1302569.34
2021-06-08,1301178.01
2021-06-09,1297155.17
2021-06-10,1303029.84
2021-06-11,1305880.84
2021-06-14,1308588.21
2021-06-15,1307332.62
2021-06-16,1295319.11
2021-06-17,1297175.57
2021-06-18,1277927.66
2021-06-21,1290590.16
2021-06-22,1294355.91
2021-06-23,1291689.81
2021-06-24,1298567.04
2021-06-25,1300117.32
2021-06-28,1298640.71
2021-06-29,1300919.95
2021-06-30,1298519.36
2021-07-01,1301953.66
2021-07-02,1306495.96
2021-07-05,1307669.91
2021-07-06,1299416.73
2021-07-07,1306421.52
2021-07-08,1289579.15
2021-07-09,1307242.55
2021-07-12,1312510.52
2021-07-13,1308425.81
2021-07-14,1309460.37
2021-07-15,1296862.5
2021-07-16,1289925.47
2021-07-19,1274971.83
2021-07-20,1287210.22
2021-07-21,1297053.67
2021-07-22,1300562.02
2021-07-23,1307970.4
2021-07-26,1305675.5
2021-07-27,1298358.75
2021-07-28,1300974.72
2021-07-29,1298670.11
2021-07-30,1299281.97
2021-08-02,1299861.16
2021-08-03,1304223.36
2021-08-04,1305161.12
2021-08-05,1310104.17
2021-08-06,1311670.85
2021-08-09,1311715.48
2021-08-10,1313641.01
2021-08-11,1316335.32
2021-08-12,1318317.82
2021-08-13,1318820.67
2021-08-16,1316170.55
2021-08-17,1308294.73
2021-08-18,1303003.8
2021-08-19,1300025.17
2021-08-20,1306479.92
2021-08-23,1316737.99
2021-08-24,1318308.85
2021-08-25,1318737.72
2021-08-26,1313141.6
2021-08-27,1321257.74
2021-08-30,1324358.3
2021-08-31,1326782.11
2021-09-01,1329687.03
2021-09-02,1330604.28
2021-09-03,1338177.41
2021-09-06,1344149.86
2021-09-07,1338918.1
2021-09-08,1334369.61
2021-09-09,1331213.93
2021-09-10,1328804.07
2021-09-13,1337290.72
2021-09-14,1332671.32
2021-09-15,1337396.14
2021-09-16,1334725.98
2021-09-17,1323734.33
2021-09-20,1307473.35
2021-09-21,1307260.79
2021-09-22,1323531.01
2021-09-23,1331108.96
2021-09-24,1328879.16
2021-09-27,1326278.88
2021-09-28,1307868.03
2021-09-29,1311510.09
2021-09-30,1302402.59
2021-10-01,1303111.23
2021-10-04,1284204.24
2021-10-05,1291210.47
2021-10-06,1291839.21
2021-10-07,1302034.48
2021-10-08,1297881.77
2021-10-11,1297275.85
2021-10-12,1292244.17
2021-10-13,1302737.36
2021-10-14,1319490.39
2021-10-15,1325931.52
2021-10-18,1325356.23
2021-10-19,1332755.35
2021-10-20,1328717.68
2021-10-21,1325518.23
2021-10-22,1327749.46
2021-10-25,1335701.54
2021-10-26,1339418.91
2021-10-27,1336558.62
2021-10-28,1337242.5
2021-10-29,1343939.37
2021-11-01,1350502.07
2021-11-02,1353199.33
2021-11-03,1363936.53
2021-11-04,1365745.15
2021-11-05,1366303.89
2021-11-08,1364862.29
2021-11-09,1358203.08
2021-11-10,1353718.95
2021-11-11,1362217.99
2021-11-12,1366626.68
2021-11-15,1366426.9
2021-11-16,1371319.64
2021-11-17,1367518.83
2021-11-18,1370098.62
2021-11-19,1368068.54
2021-11-22,1365577.02
2021-11-23,1363139.48
2021-11-24,1362898.91
2021-11-25,1360460.92
2021-11-26,1322086.84
2021-11-29,1344116.71
2021-11-30,1326166.97
2021-12-01,1318359.91
2021-12-02,1321771.69
2021-12-03,1314783.07
2021-12-06,1327208.82
2021-12-07,1347708.33
2021-12-08,1347067.88
2021-12-09,1341024.09
2021-12-10,1344573.61
2021-12-13,1337904.55
2021-12-14,1331527.52
2021-12-15,1343199.02
2021-12-16,1333361.65
2021-12-17,1330298.38
2021-12-20,1325977.54
2021-12-21,1335159.29
2021-12-22,1344348.73
2021-12-23,1349166.97
2021-12-24,1349291.72
2021-12-27,1359198.48
2021-12-28,1360896.21
2021-12-29,1356684.95
2021-12-30,1355898.74
2021-12-31,1353349.23
2022-01-03,1360209.73
2022-01-04,1362723.72
2022-01-05,1349625.01
2022-01-06,1344141.5
2022-01-07,1337581.31
2022-01-10,1336628.6
2022-01-11,1347350.84
2022-01-12,1351947.56
2022-01-13,1338542.58
2022-01-14,1341570.77
2022-01-17,1343647.79
2022-01-18,1323482.5
2022-01-19,1318000.09
2022-01-20,1309731.01
2022-01-21,1293036.12
2022-01-24,1293599.48
2022-01-25,1285922.81
2022-01-26,1289610.58
2022-01-27,1280149.41
2022-01-28,1286553.06
2022-01-31,1305325.31
2022-02-01,1316949.45
2022-02-02,1308370.02
2022-02-03,1306116.45
2022-02-04,1298267.31
2022-02-07,1302018.85
2022-02-08,1308650.63
2022-02-09,1320402.87
2022-02-10,1305975.43
2022-02-11,1297031.15
2022-02-14,1296279.76
2022-02-15,1306151.56
2022-02-16,1308529.97
2022-02-17,1296594.03
2022-02-18,1290919.7
2022-02-21,1272240.79
2022-02-22,1284697.82
2022-02-23,1268607.37
2022-02-24,1266576.85
2022-02-25,1289819.78
2022-02-28,1283973.1
2022-03-01,1273229.92
2022-03-02,1274256.1
2022-03-03,1270467.44
2022-03-04,1265872.03
2022-03-07,1266363.45
2022-03-08,1275111.01
2022-03-09,1273946.21
2022-03-10,1273136.35
2022-03-11,1272106.6
2022-03-14,1270177.9
2022-03-15,1266667.0
2022-03-16,1271527.37
2022-03-17,1275202.62
2022-03-18,1274746.38
2022-03-21,1275653.69
2022-03-22,1275805.52
2022-03-23,1277275.01
2022-03-24,1279657.32
2022-03-25,1280569.21
2022-03-28,1276492.82
2022-03-29,1277433.38
2022-03-30,1279449.06
2022-03-31,1278110.95
2022-04-01,1278630.11
2022-04-04,1280944.11
2022-04-05,1278434.86
2022-04-06,1274991.87
2022-04-07,1279379.52
2022-04-08,1281359.08
2022-04-11,1276198.47
2022-04-12,1277057.26
2022-04-13,1280054.88
2022-04-14,1277949.44
2022-04-18,1279581.56
2022-04-19,1278507.08
2022-04-20,1281058.24
2022-04-21,1273568.03
2022-04-22,1263874.32
2022-04-25,1260974.01
2022-04-26,1253529.17
2022-04-27,1256230.71
2022-04-28,1260892.8
2022-04-29,1253384.3
2022-05-02,1250699.53
2022-05-03,1253980.54
2022-05-04,1256748.39
2022-05-05,1252949.92
2022-05-06,1250593.37
2022-05-09,1243109.97
2022-05-10,1241609.89
2022-05-11,1244115.36
2022-05-12,1240250.02
2022-05-13,1243962.25
2022-05-16,1246927.79
2022-05-17,1247182.82
2022-05-18,1242593.49
2022-05-19,1245144.04
2022-05-20,1247091.18
2022-05-23,1250423.72
2022-05-24,1253189.29
2022-05-25,1251608.14
2022-05-26,1252555.78
2022-05-27,1253474.56
2022-05-30,1253859.13
2022-05-31,1251869.2
2022-06-01,1251059.16
2022-06-02,1255334.91
2022-06-03,1252764.18
2022-06-06,1252274.7
2022-06-07,1254154.99
2022-06-08,1252799.56
2022-06-09,1248404.79
2022-06-10,1249025.92
2022-06-13,1239693.47
2022-06-14,1238111.11
2022-06-15,1243589.29
2022-06-16,1237197.75
2022-06-17,1235367.44
2022-06-20,1238740.67
2022-06-21,1238656.85
2022-06-22,1236680.96
2022-06-23,1234173.74
2022-06-24,1241120.95
2022-06-27,1241176.44
2022-06-28,1241239.69
2022-06-29,1241803.83
2022-06-30,1237837.86
2022-07-01,1238909.45
2022-07-04,1238909.45
2022-07-05,1238909.45
2022-07-06,1238909.45
2022-07-07,1238909.45
2022-07-08,1238909.45
2022-07-11,1238909.45
2022-07-12,1238909.45
2022-07-13,1238909.45
2022-07-14,1238909.45
2022-07-15,1238909.45
2022-07-18,1238909.45
2022-07-19,1238909.45
2022-07-20,1238909.45
2022-07-21,1238909.45
2022-07-22,1238909.45
2022-07-25,1238909.45
2022-07-26,1238909.45
2022-07-27,1238909.45
2022-07-28,1238909.45
2022-07-29,1238909.45
2022-08-01,1238798.93
2022-08-02,1238069.38
2022-08-03,1240971.54
2022-08-04,1240003.18
2022-08-05,1242567.22
2022-08-08,1243875.28
2022-08-09,1241994.66
2022-08-10,1243920.05
2022-08-11,1243487.61
2022-08-12,1249540.86
2022-08-15,1250395.92
2022-08-16,1251722.82
2022-08-17,1250139.76
2022-08-18,1252650.72
2022-08-19,1249769.57
2022-08-22,1247988.28
2022-08-23,1246269.36
2022-08-24,1245257.75
2022-08-25,1248081.53
2022-08-26,1241818.23
2022-08-29,1241147.29
2022-08-30,1237877.78
2022-08-31,1234403.25
2022-09-01,1232459.23
2022-09-02,1232459.23
2022-09-05,1232459.23
2022-09-06,1232459.23
2022-09-07,1232459.23
2022-09-08,1232459.23
2022-09-09,1232459.23
2022-09-12,1232459.23
2022-09-13,1232459.23
2022-09-14,1232459.23
2022-09-15,1232459.23
2022-09-16,1232459.23
2022-09-19,1232459.23
2022-09-20,1232459.23
2022-09-21,1232459.23
2022-09-22,1232459.23
2022-09-23,1232459.23
2022-09-26,1232459.23
2022-09-27,1232459.23
2022-09-28,1232459.23
2022-09-29,1232459.23
2022-09-30,1232459.23
2022-10-03,1232459.23
2022-10-04,1232459.23
2022-10-05,1232459.23
2022-10-06,1232459.23
2022-10-07,1232459.23
2022-10-10,1232459.23
2022-10-11,1232459.23
2022-10-12,1232459.23
2022-10-13,1232459.23
2022-10-14,1232459.23
2022-10-17,1232459.23
2022-10-18,1232459.23
2022-10-19,1232459.23
2022-10-20,1232459.23
2022-10-21,1232459.23
2022-10-24,1232459.23
2022-10-25,1232459.23
2022-10-26,1232459.23
2022-10-27,1232459.23
2022-10-28,1232459.23
2022-10-31,1232459.23
2022-11-01,1232432.38
2022-11-02,1230392.5
2022-11-03,1229829.32
2022-11-04,1231845.81
2022-11-07,1233502.71
2022-11-08,1235167.03
2022-11-09,1231460.45
2022-11-10,1236814.0
2022-11-11,1236462.28
2022-11-14,1234996.21
2022-11-15,1235564.39
2022-11-16,1235125.46
2022-11-17,1235521.13
2022-11-18,1235351.89
2022-11-21,1235931.47
2022-11-22,1238233.18
2022-11-23,1238560.54
2022-11-24,1238321.39
2022-11-25,1238233.35
2022-11-28,1235692.91
2022-11-29,1235009.14
2022-11-30,1239131.96
2022-12-01,1235770.33
2022-12-02,1233276.0
2022-12-05,1229202.97
2022-12-06,1227129.06
2022-12-07,1226917.89
2022-12-08,1226979.14
2022-12-09,1228883.79
2022-12-12,1229806.7
2022-12-13,1234795.93
2022-12-14,1232915.39
2022-12-15,1220094.41
2022-12-16,1215334.49
2022-12-19,1215509.96
2022-12-20,1214730.87
2022-12-21,1219921.11
2022-12-22,1211538.41
2022-12-23,1213295.76
2022-12-26,1217273.81
2022-12-27,1214784.38
2022-12-28,1211486.79
2022-12-29,1216238.08
2022-12-30,1210539.19
2023-01-02,1214647.96
2023-01-03,1220298.58
2023-01-04,1226565.64
2023-01-05,1225704.43
2023-01-06,1233939.27
2023-01-09,1234450.68
2023-01-10,1238092.13
2023-01-11,1240867.27
2023-01-12,1246324.16
2023-01-13,1250401.09
2023-01-16,1250272.13
2023-01-17,1248798.55
2023-01-18,1247235.13
2023-01-19,1247282.23
2023-01-20,1248767.02
2023-01-23,1249752.17
2023-01-24,1248355.38
2023-01-25,1251250.5
2023-01-26,1249220.27
2023-01-27,1249042.93
2023-01-30,1248649.85
2023-01-31,1249468.59
2023-02-01,1254846.4
2023-02-02,1255595.27
2023-02-03,1251492.49
2023-02-06,1249012.18
2023-02-07,1255717.97
2023-02-08,1250165.42
2023-02-09,1245872.69
2023-02-10,1243536.76
2023-02-13,1251796.95
2023-02-14,1253401.63
2023-02-15,1256541.39
2023-02-16,1244699.23
2023-02-17,1246321.35
2023-02-20,1244906.34
2023-02-21,1232344.61
2023-02-22,1230102.49
2023-02-23,1232059.26
2023-02-24,1223415.97
2023-02-27,1230890.15
2023-02-28,1224836.24
2023-03-01,1227680.85
2023-03-02,1230467.7
2023-03-03,1239741.37
2023-03-06,1238599.74
2023-03-07,1232757.07
2023-03-08,1237691.53
2023-03-09,1231938.34
2023-03-10,1226559.87
2023-03-13,1220226.46
2023-03-14,1225516.3
2023-03-15,1210112.9
2023-03-16,1219024.77
2023-03-17,1216645.08
2023-03-20,1222663.54
2023-03-21,1228185.7
2023-03-22,1227494.43
2023-03-23,1228582.1
2023-03-24,1225590.64
2023-03-27,1229516.5
2023-03-28,1229376.24
2023-03-29,1235343.5
2023-03-30,1242970.27
2023-03-31,1245131.57
2023-04-03,1247332.49
2023-04-04,1248802.02
2023-04-05,1240457.26
2023-04-06,1244585.65
2023-04-07,1246546.42
2023-04-10,1246598.65
2023-04-11,1249154.1
2023-04-12,1246143.4
2023-04-13,1261724.52
2023-04-14,1260354.98
2023-04-17,1260385.61
2023-04-18,1263320.09
2023-04-19,1258686.41
2023-04-20,1258595.16
2023-04-21,1259436.82
2023-04-24,1259615.99
2023-04-25,1253909.16
2023-04-26,1248278.31
2023-04-27,1259996.37
2023-04-28,1268616.89
2023-05-01,1267166.06
2023-05-02,1260252.22
2023-05-03,1257260.4
2023-05-04,1257462.19
2023-05-05,1268478.07
2023-05-08,1268674.53
2023-05-09,1269189.4
2023-05-10,1269423.37
2023-05-11,1267561.68
2023-05-12,1269648.7
2023-05-15,1274637.53
2023-05-16,1270794.16
2023-05-17,1280485.28
2023-05-18,1290620.01
2023-05-19,1291686.39
2023-05-22,1296064.55
2023-05-23,1284252.91
2023-05-24,1276560.13
2023-05-25,1276096.38
2023-05-26,1294365.19
2023-05-29,1291651.33
2023-05-30,1289824.44
2023-05-31,1281951.83
2023-06-01,1293818.12
2023-06-02,1305350.16
2023-06-05,1303474.33
2023-06-06,1312739.04
2023-06-07,1299045.6
2023-06-08,1305625.06
2023-06-09,1308289.49
2023-06-12,1318303.7
2023-06-13,1326029.21
2023-06-14,1329321.13
2023-06-15,1335937.88
2023-06-16,1337597.48
2023-06-19,1329685.42
2023-06-20,1325683.11
2023-06-21,1319886.26
2023-06-22,1320326.71
2023-06-23,1307932.44
2023-06-26,1305754.73
2023-06-27,1310356.92
2023-06-28,1317845.63
2023-06-29,1315734.74
2023-06-30,1329476.68
2023-07-03,1330362.35
2023-07-04,1326202.26
2023-07-05,1319667.87
2023-07-06,1302357.07
2023-07-07,1303946.41
2023-07-10,1304708.1
2023-07-11,1310320.14
2023-07-12,1322606.29
2023-07-13,1335429.75
2023-07-14,1329835.09
2023-07-17,1332381.46
2023-07-18,1343935.08
2023-07-19,1344850.49
2023-07-20,1338764.88
2023-07-21,1341394.7
2023-07-24,1342396.08
2023-07-25,1345135.59
2023-07-26,1344316.67
2023-07-27,1340851.01
2023-07-28,1354712.24
2023-07-31,1357624.23
2023-08-01,1347611.62
2023-08-02,1329654.63
2023-08-03,1324813.54
2023-08-04,1320384.34
2023-08-07,1329911.12
2023-08-08,1322017.88
2023-08-09,1318439.92
2023-08-10,1323312.47
2023-08-11,1317394.48
2023-08-14,1320601.74
2023-08-15,1305085.02
2023-08-16,1295417.07
2023-08-17,1286048.44
2023-08-18,1286383.01
2023-08-21,1293679.54
2023-08-22,1294430.68
2023-08-23,1311667.63
2023-08-24,1294789.31
2023-08-25,1301444.96
2023-08-28,1310848.36
2023-08-29,1326169.86
2023-08-30,1327284.1
2023-08-31,1327693.43
2023-09-01,1329616.12
2023-09-04,1330269.09
2023-09-05,1328124.76
2023-09-06,1323627.69
2023-09-07,1320238.36
2023-09-08,1320220.81
2023-09-11,1324120.29
2023-09-12,1319360.71
2023-09-13,1320610.43
2023-09-14,1330187.85
2023-09-15,1324503.83
2023-09-18,1324059.06
2023-09-19,1322314.29
2023-09-20,1313115.99
2023-09-21,1297690.93
2023-09-22,1300776.95
2023-09-25,1301097.94
2023-09-26,1287165.35
2023-09-27,1285828.96
2023-09-28,1287223.6
2023-09-29,1284465.29
2023-10-02,1278977.8
2023-10-03,1266306.17
2023-10-04,1270800.14
2023-10-05,1271533.63
2023-10-06,1280925.36
2023-10-09,1283039.7
2023-10-10,1288801.85
2023-10-11,1294130.19
2023-10-12,1292423.44
2023-10-13,1284707.9
2023-10-16,1291431.34
2023-10-17,1289558.49
2023-10-18,1281440.97
2023-10-19,1274559.64
2023-10-20,1267866.12
2023-10-23,1271075.69
2023-10-24,1273575.88
2023-10-25,1259648.22
2023-10-26,1258643.2
2023-10-27,1254607.22
2023-10-30,1259222.8
2023-10-31,1265877.88
2023-11-01,1278747.56
2023-11-02,1285640.53
2023-11-03,1295544.28
2023-11-06,1292800.86
2023-11-07,1294902.11
2023-11-08,1291248.41
2023-11-09,1289906.07
2023-11-10,1299358.73
2023-11-13,1298924.08
2023-11-14,1312653.28
2023-11-15,1313007.38
2023-11-16,1315645.54
2023-11-17,1316884.85
2023-11-20,1321501.45
2023-11-21,1318852.93
2023-11-22,1323847.47
2023-11-23,1325388.45
2023-11-24,1324720.8
2023-11-27,1325042.31
2023-11-28,1326999.81
2023-11-29,1326736.43
2023-11-30,1328002.44
2023-12-01,1333190.66
2023-12-04,1321919.13
2023-12-05,1322991.5
2023-12-06,1323753.15
2023-12-07,1324010.34
2023-12-08,1326280.43
2023-12-11,1331152.25
2023-12-12,1333431.23
2023-12-13,1346987.73
2023-12-14,1342340.42
2023-12-15,1340829.36
2023-12-18,1344117.87
2023-12-19,1353949.75
2023-12-20,1344536.54
2023-12-21,1351386.75
2023-12-22,1352366.95
2023-12-25,1353525.33
2023-12-26,1358936.9
2023-12-27,1360164.27
2023-12-28,1358628.68
2023-12-29,1355294.44
2024-01-01,1354815.84
2024-01-02,1348692.9
2024-01-03,1338220.47
2024-01-04,1339944.6
2024-01-05,1340027.52
2024-01-08,1351748.42
2024-01-09,1350701.22
2024-01-10,1360286.84
2024-01-11,1360107.83
2024-01-12,1365711.98
2024-01-15,1365135.45
2024-01-16,1360345.03
2024-01-17,1347063.52
2024-01-18,1363847.37
2024-01-19,1372641.48
2024-01-22,1374708.18
2024-01-23,1378345.32
2024-01-24,1377996.7
2024-01-25,1377587.29
2024-01-26,1380937.55
2024-01-29,1390146.5
2024-01-30,1382037.75
2024-01-31,1377277.06
2024-02-01,1392096.9
2024-02-02,1392697.57
2024-02-05,1388295.34
2024-02-06,1391159.1
2024-02-07,1395863.92
2024-02-08,1399650.89
2024-02-09,1402175.26
2024-02-12,1402673.93
2024-02-13,1389256.27
2024-02-14,1401655.35
2024-02-15,1411876.78
2024-02-16,1407681.04
2024-02-19,1410636.68
2024-02-20,1405790.6
2024-02-21,1413242.03
2024-02-22,1429750.53
2024-02-23,1429978.99
2024-02-26,1426922.03
2024-02-27,1429831.74
2024-02-28,1423909.81
2024-02-29,1434632.44
2024-03-01,1451010.94
2024-03-04,1449097.98
2024-03-05,1444580.05
2024-03-06,1452598.09
2024-03-07,1459400.0
2024-03-08,1450825.83
2024-03-11,1450443.91
2024-03-12,1460595.02
2024-03-13,1457871.3
2024-03-14,1450194.46
2024-03-15,1449721.19
2024-03-18,1455708.46
2024-03-19,1463006.84
2024-03-20,1482439.11
2024-03-21,1486375.54
2024-03-22,1483538.43
2024-03-25,1481988.48
2024-03-26,1484397.4
2024-03-27,1488512.14
2024-03-28,1493699.57
2024-04-01,1492041.16
2024-04-02,1486607.13
2024-04-03,1495401.58
2024-04-04,1476914.68
2024-04-05,1487334.93
2024-04-08,1492663.65
2024-04-09,1493970.46
2024-04-10,1481719.26
2024-04-11,1497207.19
2024-04-12,1477769.07
2024-04-15,1473071.53
2024-04-16,1470781.41
2024-04-17,1459077.77
2024-04-18,1454236.27
2024-04-19,1447942.37
2024-04-22,1457373.28
2024-04-23,1471116.34
2024-04-24,1460152.58
2024-04-25,1470650.75
2024-04-26,1479798.99
2024-04-29,1480300.71
2024-04-30,1460533.04
2024-05-01,1464996.68
2024-05-02,1470329.38
2024-05-03,1481240.73
2024-05-06,1495522.17
2024-05-07,1498513.19
2024-05-08,1495972.64
2024-05-09,1508751.54
2024-05-10,1509548.25
2024-05-13,1507179.99
2024-05-14,1516518.7
2024-05-15,1530056.59
2024-05-16,1522826.1
2024-05-17,1527762.24
2024-05-20,1534242.57
2024-05-21,1533495.26
2024-05-22,1527548.79
2024-05-23,1510878.85
2024-05-24,1519489.09
2024-05-27,1524534.46
2024-05-28,1521020.07
2024-05-29,1502415.55
2024-05-30,1502601.62
2024-05-31,1511833.67
2024-06-03,1513253.43
2024-06-04,1511244.93
2024-06-05,1526840.11
2024-06-06,1527204.06
2024-06-07,1513811.24
2024-06-10,1520315.8
2024-06-11,1518255.39
2024-06-12,1533798.71
2024-06-13,1521907.12
2024-06-14,1521235.15
2024-06-17,1527740.61
2024-06-18,1531310.01
2024-06-19,1528550.76
2024-06-20,1536182.17
2024-06-21,1527268.77
2024-06-24,1528920.16
2024-06-25,1532823.19
2024-06-26,1527359.75
2024-06-27,1537376.33
2024-06-28,1535263.36
2024-07-01,1535265.69
2024-07-02,1541158.29
2024-07-03,1556211.19
2024-07-04,1560631.69
2024-07-05,1568014.13
2024-07-08,1567366.2
2024-07-09,1564797.8
2024-07-10,1580452.43
2024-07-11,1574094.69
2024-07-12,1577134.62
2024-07-15,1578063.59
2024-07-16,1584326.16
2024-07-17,1565101.07
2024-07-18,1556022.16
2024-07-19,1543204.57
2024-07-22,1553324.9
2024-07-23,1545954.03
2024-07-24,1525258.78
2024-07-25,1515514.7
2024-07-26,1530374.66
2024-07-29,1525560.91
2024-07-30,1528764.97
2024-07-31,1554112.03
2024-08-01,1513880.61
2024-08-02,1487081.7
2024-08-05,1459841.92
2024-08-06,1447246.43
2024-08-07,1450487.91
2024-08-08,1490685.69
2024-08-09,1489598.73
2024-08-12,1497484.05
2024-08-13,1516130.35
2024-08-14,1515025.19
2024-08-15,1543857.79
2024-08-16,1548829.64
2024-08-19,1558205.39
2024-08-20,1551572.38
2024-08-21,1560868.67
2024-08-22,1554194.23
2024-08-23,1565273.89
2024-08-26,1559580.06
2024-08-27,1563639.24
2024-08-28,1552437.72
2024-08-29,1566113.88
2024-08-30,1573627.91
2024-09-02,1569155.31
2024-09-03,1538615.58
2024-09-04,1530289.55
2024-09-05,1534937.53
2024-09-06,1504774.09
2024-09-09,1526629.6
2024-09-10,1523477.09
2024-09-11,1539312.17
2024-09-12,1552384.34
2024-09-13,1555389.32
2024-09-16,1557333.11
2024-09-17,1557368.85
2024-09-18,1562891.92
2024-09-19,1579648.54
2024-09-20,1577870.88
2024-09-23,1584126.2
2024-09-24,1588670.06
2024-09-25,1592987.01
2024-09-26,1607267.26
2024-09-27,1592144.91
2024-09-30,1596313.6
2024-10-01,1587552.86
2024-10-02,1597676.82
2024-10-03,1590101.28
2024-10-04,1606641.98
2024-10-07,1592096.34
2024-10-08,1597551.81
2024-10-09,1607518.66
2024-10-10,1607707.51
2024-10-11,1614942.89
2024-10-14,1625932.12
2024-10-15,1609949.29
2024-10-16,1617597.77
2024-10-17,1622764.86
2024-10-18,1628000.95
2024-10-21,1623611.92
2024-10-22,1620834.56
2024-10-23,1606128.46
2024-10-24,1612108.96
2024-10-25,1612898.98
2024-10-28,1620334.41
2024-10-29,1628830.37
2024-10-30,1618161.9
2024-10-31,1596763.62
2024-11-01,1603849.96
2024-11-04,1598672.32
2024-11-05,1612079.23
2024-11-06,1622219.34
2024-11-07,1638147.48
2024-11-08,1626030.03
2024-11-11,1627456.68
2024-11-12,1613374.81
2024-11-13,1607587.6
2024-11-14,1604088.54
2024-11-15,1591236.88
2024-11-18,1600862.96
2024-11-19,1605911.83
2024-11-20,1607069.16
2024-11-21,1612361.31
2024-11-22,1628300.38
2024-11-25,1617411.98
2024-11-26,1621295.91
2024-11-27,1616252.84
2024-11-28,1622453.06
2024-11-29,1628881.05
2024-12-02,1639776.57
2024-12-03,1648846.36
2024-12-04,1656542.38
2024-12-05,1654471.43
2024-12-06,1656325.6
2024-12-09,1655856.08
2024-12-10,1656186.52
2024-12-11,1671633.83
2024-12-12,1670965.15
2024-12-13,1659744.59
2024-12-16,1662388.28
2024-12-17,1654313.54
2024-12-18,1618271.5
2024-12-19,1621473.78
2024-12-20,1627068.44
2024-12-23,1635117.24
2024-12-24,1644658.98
2024-12-25,1643652.05
2024-12-26,1648983.04
2024-12-27,1642726.65
2024-12-30,1627403.69
2024-12-31,1627071.26
2025-01-01,1628896.25
2025-01-02,1632849.2
2025-01-03,1639283.02
2025-01-06,1648207.43
2025-01-07,1646293.21
2025-01-08,1646829.54
2025-01-09,1644318.39
2025-01-10,1634133.94
2025-01-13,1633686.95
2025-01-14,1631976.11
2025-01-15,1653130.51
2025-01-16,1653651.97
2025-01-17,1667918.39
2025-01-20,1677630.07
2025-01-21,1687564.29
2025-01-22,1694396.53
2025-01-23,1702622.29
2025-01-24,1701621.78
2025-01-27,1680414.27
2025-01-28,1689621.0
2025-01-29,1690454.59
2025-01-30,1706702.29
2025-01-31,1698043.4
2025-02-03,1695731.37
2025-02-04,1693016.54
2025-02-05,1707248.32
2025-02-06,1712854.99
2025-02-07,1700666.82
2025-02-10,1719224.15
2025-02-11,1722275.91
2025-02-12,1729390.06
2025-02-13,1738939.81
2025-02-14,1731510.38
2025-02-17,1740206.35
2025-02-18,1745440.81
2025-02-19,1734900.38
2025-02-20,1729260.87
2025-02-21,1711441.34
2025-02-24,1708718.54
2025-02-25,1708860.73
2025-02-26,1711045.27
2025-02-27,1689225.55
2025-02-28,1697367.32
2025-03-03,1695816.88
2025-03-04,1694509.87
2025-03-05,1698508.45
2025-03-06,1685267.13
2025-03-07,1688359.09
2025-03-10,1651031.98
2025-03-11,1654186.88
2025-03-12,1664871.24
2025-03-13,1659507.54
2025-03-14,1677193.06
2025-03-17,1686598.39
2025-03-18,1684006.94
2025-03-19,1694784.82
2025-03-20,1685186.38
2025-03-21,1681742.28
2025-03-24,1690414.48
2025-03-25,1699462.33
2025-03-26,1682653.53
2025-03-27,1683683.52
2025-03-28,1669887.61
2025-03-31,1669878.71
2025-04-01,1679578.27
2025-04-02,1668377.09
2025-04-03,1663381.74
2025-04-04,1624972.26
2025-04-07,1609880.55
2025-04-08,1596687.33
2025-04-09,1650577.75
2025-04-10,1640567.22
2025-04-11,1652217.93
2025-04-14,1654047.58
2025-04-15,1663285.1
2025-04-16,1670942.5
2025-04-17,1673229.47
2025-04-21,1676010.75
2025-04-22,1685758.94
2025-04-23,1686632.52
2025-04-24,1693238.08
2025-04-25,1693363.62
2025-04-28,1694258.57
2025-04-29,1695898.69
2025-04-30,1696353.35
2025-05-01,1691264.65
2025-05-02,1702243.34
2025-05-05,1712774.55
2025-05-06,1717612.8
2025-05-07,1712902.55
2025-05-08,1709457.06
2025-05-09,1711517.02
2025-05-12,1708008.25
2025-05-13,1708434.47
2025-05-14,1699364.38
2025-05-15,1710250.71
2025-05-16,1709930.93
2025-05-19,1716261.37
2025-05-20,1723482.86
2025-05-21,1722865.62
2025-05-22,1723082.93
2025-05-23,1722455.8
2025-05-26,1727023.96
2025-05-27,1728873.45
2025-05-28,1724817.4
2025-05-29,1722368.92
2025-05-30,1723539.15
2025-06-02,1732556.35
2025-06-03,1736629.94
2025-06-04,1739796.91
2025-06-05,1734043.53
2025-06-06,1738381.03
2025-06-09,1738621.33
2025-06-10,1740793.82
2025-06-11,1739253.68
2025-06-12,1739295.53
2025-06-13,1736127.02
2025-06-16,1735008.37
2025-06-17,1729258.98
2025-06-18,1730700.26
2025-06-19,1725214.05
2025-06-20,1725072.3
2025-06-23,1736596.7
2025-06-24,1740318.58
2025-06-25,1737775.26
2025-06-26,1745829.47
2025-06-27,1748898.9
2025-06-30,1753322.66
2025-07-01,1751810.68
2025-07-02,1759667.17
2025-07-03,1765543.81
2025-07-04,1758804.67
2025-07-07,1757987.08
2025-07-08,1764633.78
2025-07-09,1774226.02
2025-07-10,1778128.94
2025-07-11,1770692.48
2025-07-14,1773439.09
2025-07-15,1767415.19
2025-07-16,1771248.69
2025-07-17,1785319.2
2025-07-18,1778792.41
2025-07-21,1786789.18
2025-07-22,1794074.46
2025-07-23,1811646.64
2025-07-24,1807863.4
2025-07-25,1803934.14
2025-07-28,1793502.27
2025-07-29,1797871.43
2025-07-30,1800696.46
2025-07-31,1785903.01
2025-08-01,1770809.71
2025-08-04,1792961.02
2025-08-05,1787074.86
2025-08-06,1796897.94
2025-08-07,1806781.45
2025-08-08,1819959.45
2025-08-11,1811284.46
2025-08-12,1828208.14
2025-08-13,1829396.95
2025-08-14,1828732.72
2025-08-15,1828774.82
2025-08-18,1832201.44
2025-08-19,1819270.91
2025-08-20,1820739.31
2025-08-21,1818431.38
2025-08-22,1833148.17
2025-08-25,1825819.14
2025-08-26,1829095.61
2025-08-27,1822488.21
2025-08-28,1831954.23
2025-08-29,1822434.94
2025-09-01,1827152.17
2025-09-02,1820643.99
2025-09-03,1826070.43
2025-09-04,1843786.87
2025-09-05,1841568.74
2025-09-08,1857436.67
2025-09-09,1857399.49
2025-09-10,1860096.88
2025-09-11,1873663.61
2025-09-12,1871591.02
2025-09-15,1881359.26
2025-09-16,1874672.88
2025-09-17,1876154.51
2025-09-18,1886985.47
2025-09-19,1887969.13
2025-09-22,1899462.44
2025-09-23,1893921.69
2025-09-24,1894852.12
2025-09-25,1889151.58
2025-09-26,1897601.86
2025-09-29,1902699.4
2025-09-30,1908282.32
2025-10-01,1920799.8
2025-10-02,1926540.71
2025-10-03,1933394.88
2025-10-06,1959589.53
2025-10-07,1956093.98
2025-10-08,1972526.44
2025-10-09,1970784.47
2025-10-10,1923292.74
2025-10-13,1957748.44
2025-10-14,1956531.71
2025-10-15,1967458.5
2025-10-16,1968729.47
2025-10-17,1969213.6
2025-10-20,2002681.23
2025-10-21,1976098.57
2025-10-22,1967143.72
2025-10-23,1983829.82
2025-10-24,1991807.81
2025-10-27,2001928.84
2025-10-28,2004878.68
2025-10-29,2007451.09
2025-10-30,2016846.84
2025-10-31,2010195.04
2025-11-03,2013125.04
2025-11-04,1982170.33
2025-11-05,2000421.33
2025-11-06,1979055.48
2025-11-07,1980812.18
2025-11-10,2017589.12
2025-11-11,2018299.77
2025-11-12,2022624.98
2025-11-13,1997705.04
2025-11-14,1987241.24
2025-11-17,1965907.19
2025-11-18,1950149.67
2025-11-19,1975820.79
2025-11-20,1930450.35
2025-11-21,1945111.44
2025-11-24,1968917.14
2025-11-25,1977608.96
2025-11-26,1996046.71
2025-11-27,1999474.23
2025-11-28,2007712.86
2025-12-01,1996854.94
2025-12-02,2003268.34
2025-12-03,2006573.53
2025-12-04,2011781.83
2025-12-05,2015054.68
2025-12-08,2013792.19
2025-12-09,2014777.94
2025-12-10,2021669.62
2025-12-11,2029064.4
2025-12-12,2013346.28
2025-12-15,2012619.53
2025-12-16,2005336.8
2025-12-17,1994935.63
2025-12-18,2010552.95
2025-12-19,2028547.03
2025-12-22,2042668.17
2025-12-23,2049918.73
2025-12-24,2049510.09
2025-12-25,2052775.04
2025-12-26,2056771.37
2025-12-29,2035278.91
2025-12-30,2040827.13
2025-12-31,2032741.01
2026-01-01,2036907.88
2026-01-02,2040848.34
2026-01-05,2066025.76
2026-01-06,2080422.51
2026-01-07,2073735.51
2026-01-08,2073342.37
2026-01-09,2099037.62
2026-01-12,2109878.42
2026-01-13,2109351.66
2026-01-14,2106021.38
2026-01-15,2110132.0
2026-01-16,2106842.59
2026-01-19,2094589.25
2026-01-20,2078325.12
2026-01-21,2108669.39
2026-01-22,2122916.3
2026-01-23,2119287.79
2026-01-26,2129857.63
2026-01-27,2144925.49
2026-01-28,2173240.8
2026-01-29,2156983.76
2026-01-30,2117980.09
2026-02-02,2129182.55
2026-02-03,2128565.99
2026-02-04,2131162.41
2026-02-05,2074637.42
2026-02-06,2146357.15
2026-02-09,2162499.3
2026-02-10,2168525.24
2026-02-11,2169757.48
2026-02-12,2140547.99
2026-02-13,2153306.4
2026-02-16,2145939.78
2026-02-17,2139163.94
2026-02-18,2165067.87
2026-02-19,2158506.28
2026-02-20,2177925.29
2026-02-23,2171545.07
2026-02-24,2181049.26
2026-02-25,2202119.87
2026-02-26,2193410.42
2026-02-27,2200357.99
2026-03-02,2187608.04
2026-03-03,2129701.29
2026-03-04,2159722.88
2026-03-05,2125986.45
2026-03-06,2110993.6
2026-03-09,2116243.52
2026-03-10,2132800.37
2026-03-11,2106647.32
2026-03-12,2095060.12
2026-03-13,2078359.61
2026-03-16,2101622.68
2026-03-17,2104486.93
2026-03-18,2065693.67
2026-03-19,2043654.64
2026-03-20,1988186.16
2026-03-23,2016389.04
2026-03-24,2029488.14
2026-03-25,2028448.27
2026-03-26,1998702.9
2026-03-27,1970541.26
2026-03-30,1973025.21
2026-03-31,2044014.85
2026-04-01,2067015.51
2026-04-02,2055703.76
2026-04-06,2060320.3
2026-04-07,2112800.88
2026-04-08,2106654.57
2026-04-09,2114499.8
2026-04-10,2119355.89
2026-04-13,2129307.04
2026-04-14,2153596.16
2026-04-15,2158010.72
2026-04-16,2163127.71
2026-04-17,2181246.3
2026-04-20,2172752.69
2026-04-21,2160309.63
2026-04-22,2170376.82
2026-04-23,2162811.7
2026-04-24,2172832.78
2026-04-27,2173938.07
2026-04-28,2154577.58
2026-04-29,2152424.09
2026-04-30,2169653.11
2026-05-01,2169669.58
2026-05-04,2150947.79
2026-05-05,2189542.71
2026-05-06,2221075.04
2026-05-07,2208030.96
2026-05-08,2229581.6
2026-05-11,2228900.86
2026-05-12,2212723.19
2026-05-13,2236665.79
2026-05-14,2232871.35
2026-05-15,2192068.03
2026-05-18,2206839.91
2026-05-19,2187623.14
2026-05-20,2211372.02
2026-05-21,2230825.54
2026-05-22,2231680.34
2026-05-25,2266121.13
2026-05-26,2268000.02
2026-05-27,2248508.64
2026-05-28,2262253.7
2026-05-29,2268176.96
2026-06-01,2267365.66
2026-06-02,2278113.76
2026-06-03,2257472.65
2026-06-04,2260220.18
2026-06-05,2196434.39
2026-06-08,2214995.88
2026-06-09,2192989.68
2026-06-10,2141148.06
2026-06-11,2222605.91
2026-06-12,2229816.37
2026-06-15,2266864.99
2026-06-16,2258417.22
2026-06-17,2263088.52
2026-06-18,2269741.31
2026-06-19,2260731.09
2026-06-22,2269123.82
2026-06-23,2229629.83
2026-06-24,2235103.5
2026-06-25,2230694.19
2026-06-26,2219549.98
2026-06-29,2234207.49
2026-06-30,2249321.34
2026-07-01,2234533.51
2026-07-02,2242015.92
2026-07-03,2255049.87
2026-07-06,2255731.18
2026-07-07,2227638.16
2026-07-08,2220754.9
2026-07-09,2238215.23
2026-07-10,2243765.51
2026-07-13,2216179.08
2026-07-14,2235063.97
2026-07-15,2226755.92
2026-07-16,2205830.44
2026-07-17,2195900.47
2026-07-20,2190219.57
2026-07-21,2224361.16
2026-07-22,2222024.57
